{
  "package": {
    "dependencies": {
		  "@azure/msal-browser": "^2.22.1",
			"@azure/msal-react": "^1.3.1",
      "@microsoft/applicationinsights-react-js": "^3.2.3",
      "@microsoft/applicationinsights-web": "^2.7.3",
      "@testing-library/jest-dom": "^5.14.1",
      "@testing-library/react": "^12.0.0",
      "@testing-library/user-event": "^13.2.1",
      "@types/jest": "^27.0.1",
      "@types/node": "^16.7.13",
      "@types/react": "^17.0.20",
      "@types/react-dom": "^17.0.9",
			"bootstrap": "^5.1.3",
			"react-bootstrap": "^2.2.1",
			"react-scripts": "5.0.0",
      "typescript": "^4.4.2",
      "web-vitals": "^2.1.0"
    },
    "eslintConfig": {
      "extends": ["react-app", "react-app/jest"]
    }
  }
}
